{
  "metadata": {
    "schemaVersion": "1.0",
    "importType": "LEX",
    "importFormat": "JSON"
  },
  "resource": {
    "description": "Booking ID / Booking Reference Code for flight",
    "name": "BookingIDSlot",
    "version": "1",
    "enumerationValues": [
      {
        "value": "YTW321"
      },
      {
        "value": "EHW971"
      },
      {
        "value": "ZDF283"
      },
      {
        "value": "PLQ265"
      },
      {
        "value": "DEF456"
      },
      {
        "value": "RDM135"
      },
      {
        "value": "OPM828"
      },
      {
        "value": "ABC123"
      },
      {
        "value": "IGX548"
      },
      {
        "value": "XJV791"
      }
    ],
    "valueSelectionStrategy": "ORIGINAL_VALUE"
  }
}